romilson,RAM,1433135826115,1434431826115,1433135826115
danilo,Origami for dummies,1433140653069,1434436653069,1434855600000
danilo,Hentai,1433140777416,1434436777416,1423188000000
romilson,Crystals,1433140872742,1434436872742,1435892400000
Kenji,Hentai,1420077600000,1421373600000,1420077600000
Kenji,SekshunSeven,1420077600000,1421373600000,1420077600000
Kenji,Hello world,1420077600000,1421373600000,1420077600000
romilson,Hentai,1420077600000,1421373600000,1422756000000
Kenji,Crystals,1420077600000,1421373600000,1422756000000
Kenji,Game of Thrones,1420077600000,1421373600000,1422756000000
Alpha1,Calculo1,1422756000000,1427940000000,1422756000000
Mello,The art of computer programming,1422756000000,1427940000000,1422756000000
